{
  "metadata": {
    "schemaVersion": "1.0",
    "importType": "LEX",
    "importFormat": "JSON"
  },
  "resource": {
    "description": "Level of investment risk customer is willing to take",
    "name": "riskLevel",
    "version": "1",
    "enumerationValues": [
      {
        "value": "High"
      },
      {
        "value": "Very Low",
        "synonyms": [
          "Conservative"
        ]
      },
      {
        "value": "Low",
        "synonyms": [
          "Conservative"
        ]
      },
      {
        "value": "Medium",
        "synonyms": [
          "Moderate"
        ]
      },
      {
        "value": "Very High",
        "synonyms": [
          "Aggressive"
        ]
      },
      {
        "value": "None"
      }
    ],
    "valueSelectionStrategy": "TOP_RESOLUTION"
  }
}